15,10,0.1,1,0.1,1,0,0.0018204332179214732
15,10,0.1,1,0.2,1,0,0.0019369290568237896
15,10,0.1,1,0.3,1,0,0.0020754770947258964
15,10,0.1,1,0.4,1,0,0.002305662185392042
15,10,0.1,1,0.5,1,0,0.002660237751032231
15,10,0.2,1,0.1,1,0,0.001195024648573598
15,10,0.2,1,0.2,1,0,0.0012780270694299105
15,10,0.2,1,0.3,1,0,0.0013961510185609438
15,10,0.2,1,0.4,1,0,0.0015421264431015472
15,10,0.2,1,0.5,1,0,0.0017518269179904943
15,10,0.3,1,0.1,1,0,0.0011833197223641589
15,10,0.3,1,0.2,1,0,0.001287243939907625
15,10,0.3,1,0.3,1,0,0.0013735082136678033
15,10,0.3,1,0.4,1,0,0.0014827790897633225
15,10,0.3,1,0.5,1,0,0.0016424765578455522
15,10,0.4,1,0.1,1,0,9.712365190238123E-4
15,10,0.4,1,0.2,1,0,0.0010320973383676235
15,10,0.4,1,0.3,1,0,0.0011291967394653748
15,10,0.4,1,0.4,1,0,0.0012504089181849132
15,10,0.4,1,0.5,1,0,0.0013987733881564662
15,10,0.5,1,0.1,1,0,0.0010572162853538655
15,10,0.5,1,0.2,1,0,0.0011038074966062228
15,10,0.5,1,0.3,1,0,0.0011690311611833588
15,10,0.5,1,0.4,1,0,0.0012688392701058382
15,10,0.5,1,0.5,1,0,0.001412248731364553
15,10,0.1,2,0.1,1,0,0.0017277163527356346
15,10,0.1,2,0.2,1,0,0.0018471987211678262
15,10,0.1,2,0.3,1,0,0.0019964264829641395
15,10,0.1,2,0.4,1,0,0.0022212156215393585
15,10,0.1,2,0.5,1,0,0.0025546000106637214
15,10,0.2,2,0.1,1,0,0.0011272447192134686
15,10,0.2,2,0.2,1,0,0.0012242527947352608
15,10,0.2,2,0.3,1,0,0.0013530492358069966
15,10,0.2,2,0.4,1,0,0.0015011667630316964
15,10,0.2,2,0.5,1,0,0.0016963120079609081
15,10,0.3,2,0.1,1,0,0.0011872285389874998
15,10,0.3,2,0.2,1,0,0.0012487605243129071
15,10,0.3,2,0.3,1,0,0.001334669988217817
15,10,0.3,2,0.4,1,0,0.0014634359635579913
15,10,0.3,2,0.5,1,0,0.0016475403508002093
15,10,0.4,2,0.1,1,0,0.0010573484861470034
15,10,0.4,2,0.2,1,0,0.0011182579711790008
15,10,0.4,2,0.3,1,0,0.0011940406039885791
15,10,0.4,2,0.4,1,0,0.0012974127385119876
15,10,0.4,2,0.5,1,0,0.001454200804301016
15,10,0.5,2,0.1,1,0,0.0011156828431933277
15,10,0.5,2,0.2,1,0,0.0011796607649365541
15,10,0.5,2,0.3,1,0,0.0012574996881233424
15,10,0.5,2,0.4,1,0,0.0013574764602733624
15,10,0.5,2,0.5,1,0,0.0014981762480748857
15,10,0.1,3,0.1,1,0,0.0018117954956373577
15,10,0.1,3,0.2,1,0,0.0019709817665075225
15,10,0.1,3,0.3,1,0,0.002160346977559586
15,10,0.1,3,0.4,1,0,0.002421815041634484
15,10,0.1,3,0.5,1,0,0.0028012940151277447
15,10,0.2,3,0.1,1,0,0.0012804008182865615
15,10,0.2,3,0.2,1,0,0.001369542027876307
15,10,0.2,3,0.3,1,0,0.0014861167450405683
15,10,0.2,3,0.4,1,0,0.0016525780195756937
15,10,0.2,3,0.5,1,0,0.0019024338844619627
15,10,0.3,3,0.1,1,0,0.0013079141498409724
15,10,0.3,3,0.2,1,0,0.0014002590779984172
15,10,0.3,3,0.3,1,0,0.001516274299330861
15,10,0.3,3,0.4,1,0,0.0016690609167826608
15,10,0.3,3,0.5,1,0,0.0018855471651428016
15,10,0.4,3,0.1,1,0,0.001060214617968814
15,10,0.4,3,0.2,1,0,0.0011329526285091534
15,10,0.4,3,0.3,1,0,0.0012233711517835829
15,10,0.4,3,0.4,1,0,0.0013407736464712472
15,10,0.4,3,0.5,1,0,0.0015040811541674325
15,10,0.5,3,0.1,1,0,0.0010602146830385928
15,10,0.5,3,0.2,1,0,0.0011329522005305201
15,10,0.5,3,0.3,1,0,0.0012233408217957778
15,10,0.5,3,0.4,1,0,0.0013402865795176912
15,10,0.5,3,0.5,1,0,0.0015004980236019761
15,10,0.1,4,0.1,1,0,0.001898269208874685
15,10,0.1,4,0.2,1,0,0.0020778749943990244
15,10,0.1,4,0.3,1,0,0.002318738697441595
15,10,0.1,4,0.4,1,0,0.0026513199846844924
15,10,0.1,4,0.5,1,0,0.003119312375930177
15,10,0.2,4,0.1,1,0,0.0014242075157809028
15,10,0.2,4,0.2,1,0,0.0015490987058057125
15,10,0.2,4,0.3,1,0,0.0017084657683825728
15,10,0.2,4,0.4,1,0,0.0019206780309779818
15,10,0.2,4,0.5,1,0,0.0022215273514864598
15,10,0.3,4,0.1,1,0,0.0012250063623038855
15,10,0.3,4,0.2,1,0,0.0013327219448348204
15,10,0.3,4,0.3,1,0,0.0014698784080091122
15,10,0.3,4,0.4,1,0,0.0016512561568991163
15,10,0.3,4,0.5,1,0,0.0019040025492814275
15,10,0.4,4,0.1,1,0,0.001025805166219435
15,10,0.4,4,0.2,1,0,0.0011163482301908946
15,10,0.4,4,0.3,1,0,0.0012314255809836156
15,10,0.4,4,0.4,1,0,0.001383357777305798
15,10,0.4,4,0.5,1,0,0.0015947861148443087
15,10,0.5,4,0.1,1,0,0.0010258050219540495
15,10,0.5,4,0.2,1,0,0.0011163480967017391
15,10,0.5,4,0.3,1,0,0.0012314230905594464
15,10,0.5,4,0.4,1,0,0.0013833095479821695
15,10,0.5,4,0.5,1,0,0.0015942700193761553
15,10,0.1,1,0.1,2,0,0.0022758351048233574
15,10,0.1,1,0.2,2,0,0.0024673343423920755
15,10,0.1,1,0.3,2,0,0.0026986260813811605
15,10,0.1,1,0.4,2,0,0.003061582859994467
15,10,0.1,1,0.5,2,0,0.003607274780119808
15,10,0.2,1,0.1,2,0,0.0013173213793763359
15,10,0.2,1,0.2,2,0,0.0014568442037774841
15,10,0.2,1,0.3,2,0,0.0016512025353903842
15,10,0.2,1,0.4,2,0,0.0018883045010815692
15,10,0.2,1,0.5,2,0,0.002219265488494563
15,10,0.3,1,0.1,2,0,0.0012488614504827186
15,10,0.3,1,0.2,2,0,0.0014125621757434086
15,10,0.3,1,0.3,2,0,0.0015514371209982424
15,10,0.3,1,0.4,2,0,0.0017288556670726587
15,10,0.3,1,0.5,2,0,0.001987694239715914
15,10,0.4,1,0.1,2,0,9.873206287057343E-4
15,10,0.4,1,0.2,2,0,0.0010746695859869175
15,10,0.4,1,0.3,2,0,0.0012224228174486484
15,10,0.4,1,0.4,2,0,0.0014142928515582685
15,10,0.4,1,0.5,2,0,0.0016534566241336978
15,10,0.5,1,0.1,2,0,0.0010160816939179796
15,10,0.5,1,0.2,2,0,0.0010983984368716975
15,10,0.5,1,0.3,2,0,0.001211883366286913
15,10,0.5,1,0.4,2,0,0.0013801737552142205
15,10,0.5,1,0.5,2,0,0.0016179823787596573
15,10,0.1,2,0.1,2,0,0.002096819992023196
15,10,0.1,2,0.2,2,0,0.0022867062328170945
15,10,0.1,2,0.3,2,0,0.0025237962528608746
15,10,0.1,2,0.4,2,0,0.002863208037915975
15,10,0.1,2,0.5,2,0,0.0033580358229172184
15,10,0.2,2,0.1,2,0,0.0012326192551794003
15,10,0.2,2,0.2,2,0,0.0013930546205096694
15,10,0.2,2,0.3,2,0,0.0015956098482252873
15,10,0.2,2,0.4,2,0,0.0018241434003548828
15,10,0.2,2,0.5,2,0,0.002122986448767198
15,10,0.3,2,0.1,2,0,0.0012670617323709468
15,10,0.3,2,0.2,2,0,0.0013675427078835092
15,10,0.3,2,0.3,2,0,0.001506585445942053
15,10,0.3,2,0.4,2,0,0.0017113574244963347
15,10,0.3,2,0.5,2,0,0.0020012464803182604
15,10,0.4,2,0.1,2,0,0.0011182823671187763
15,10,0.4,2,0.2,2,0,0.0012106681171815512
15,10,0.4,2,0.3,2,0,0.0013289739828565772
15,10,0.4,2,0.4,2,0,0.0014930201514480438
15,10,0.4,2,0.5,2,0,0.001740774137810058
15,10,0.5,2,0.1,2,0,0.0011470179759713178
15,10,0.5,2,0.2,2,0,0.0012490481376351132
15,10,0.5,2,0.3,2,0,0.0013742914165469058
15,10,0.5,2,0.4,2,0,0.001536207853233453
15,10,0.5,2,0.5,2,0,0.0017636668302232564
15,10,0.1,3,0.1,2,0,0.0022117600516526523
15,10,0.1,3,0.2,2,0,0.0024479638416011213
15,10,0.1,3,0.3,2,0,0.00273226879853399
15,10,0.1,3,0.4,2,0,0.003116865958361198
15,10,0.1,3,0.5,2,0,0.0036609408054401223
15,10,0.2,3,0.1,2,0,0.001461441194162064
15,10,0.2,3,0.2,2,0,0.0015979447027638732
15,10,0.2,3,0.3,2,0,0.0017764645538201039
15,10,0.2,3,0.4,2,0,0.0020293935530745514
15,10,0.2,3,0.5,2,0,0.0024027535098355363
15,10,0.3,3,0.1,2,0,0.0014075590709051982
15,10,0.3,3,0.2,2,0,0.001553050586073559
15,10,0.3,3,0.3,2,0,0.0017346297608982636
15,10,0.3,3,0.4,2,0,0.001972112589741894
15,10,0.3,3,0.5,2,0,0.002304859672802012
15,10,0.4,3,0.1,2,0,0.0011621136020073465
15,10,0.4,3,0.2,2,0,0.0012650042136082868
15,10,0.4,3,0.3,2,0,0.0013969069210172666
15,10,0.4,3,0.4,2,0,0.0015719165631720706
15,10,0.4,3,0.5,2,0,0.0018183038144109385
15,10,0.5,3,0.1,2,0,0.001107959042522626
15,10,0.5,3,0.2,2,0,0.0012191622515215677
15,10,0.5,3,0.3,2,0,0.0013583339591340625
15,10,0.5,3,0.4,2,0,0.001539269953618035
15,10,0.5,3,0.5,2,0,0.001787559365067318
15,10,0.1,4,0.1,2,0,0.0023097563189818354
15,10,0.1,4,0.2,2,0,0.0025664022618616367
15,10,0.1,4,0.3,2,0,0.0029028471193463384
15,10,0.1,4,0.4,2,0,0.003358502085529813
15,10,0.1,4,0.5,2,0,0.003992905996443378
15,10,0.2,4,0.1,2,0,0.0016348611784562845
15,10,0.2,4,0.2,2,0,0.0018145715358115308
15,10,0.2,4,0.3,2,0,0.00204337990233014
15,10,0.2,4,0.4,2,0,0.0023469554511561202
15,10,0.2,4,0.5,2,0,0.0027738295882817274
15,10,0.3,4,0.1,2,0,0.0013296164809760143
15,10,0.3,4,0.2,2,0,0.0014881595947812628
15,10,0.3,4,0.3,2,0,0.0016884377407706457
15,10,0.3,4,0.4,2,0,0.001951555632152124
15,10,0.3,4,0.5,2,0,0.0023158306164015366
15,10,0.4,4,0.1,2,0,0.0011330066570965558
15,10,0.4,4,0.2,2,0,0.001261707412198222
15,10,0.4,4,0.3,2,0,0.0014256683284669114
15,10,0.4,4,0.4,2,0,0.0016426511385493013
15,10,0.4,4,0.5,2,0,0.001944836148854852
15,10,0.5,4,0.1,2,0,0.0010824466875577134
15,10,0.5,4,0.2,2,0,0.001217183951742106
15,10,0.5,4,0.3,2,0,0.0013860143860906001
15,10,0.5,4,0.4,2,0,0.001606926615050219
15,10,0.5,4,0.5,2,0,0.0019119259723561937
15,10,0.1,1,0.1,3,0,0.002619410548502632
15,10,0.1,1,0.2,3,0,0.0028249111290891606
15,10,0.1,1,0.3,3,0,0.0031165917607813834
15,10,0.1,1,0.4,3,0,0.0035651545811016755
15,10,0.1,1,0.5,3,0,0.0042294454032614495
15,10,0.2,1,0.1,3,0,0.0013874900982781323
15,10,0.2,1,0.2,3,0,0.0015643496930608073
15,10,0.2,1,0.3,3,0,0.0018125857276554565
15,10,0.2,1,0.4,3,0,0.002113402403844164
15,10,0.2,1,0.5,3,0,0.0025240689245082325
15,10,0.3,1,0.1,3,0,0.0012702958436552594
15,10,0.3,1,0.2,3,0,0.001463198681572968
15,10,0.3,1,0.3,3,0,0.0016358647306172576
15,10,0.3,1,0.4,3,0,0.0018577862062407722
15,10,0.3,1,0.5,3,0,0.0021796992398315754
15,10,0.4,1,0.1,3,0,9.917620268161188E-4
15,10,0.4,1,0.2,3,0,0.001098017587162264
15,10,0.4,1,0.3,3,0,0.0012786812166237771
15,10,0.4,1,0.4,3,0,0.0015162753799578068
15,10,0.4,1,0.5,3,0,0.0018138314718921696
15,10,0.5,1,0.1,3,0,9.601583127443949E-4
15,10,0.5,1,0.2,3,0,0.0010645780051337253
15,10,0.5,1,0.3,3,0,0.001210970845315809
15,10,0.5,1,0.4,3,0,0.0014247999449897783
15,10,0.5,1,0.5,3,0,0.001723583184954248
15,10,0.1,2,0.1,3,0,0.0023141894549390295
15,10,0.1,2,0.2,3,0,0.0025458292543249147
15,10,0.1,2,0.3,3,0,0.002837720874530745
15,10,0.1,2,0.4,3,0,0.0032419453974540787
15,10,0.1,2,0.5,3,0,0.0038236286170392894
15,10,0.2,2,0.1,3,0,0.0012902473706204625
15,10,0.2,2,0.2,3,0,0.0014877098273657877
15,10,0.2,2,0.3,3,0,0.0017335264962152223
15,10,0.2,2,0.4,3,0,0.002011001145654045
15,10,0.2,2,0.5,3,0,0.0023730544954729655
15,10,0.3,2,0.1,3,0,0.0012928932664062686
15,10,0.3,2,0.2,3,0,0.0014164952360031819
15,10,0.3,2,0.3,3,0,0.0015878263981429419
15,10,0.3,2,0.4,3,0,0.0018381459276015813
15,10,0.3,2,0.5,3,0,0.002190497003055157
15,10,0.4,2,0.1,3,0,0.0011522550739530367
15,10,0.4,2,0.2,3,0,0.0012634123195308436
15,10,0.4,2,0.3,3,0,0.0014075626629300295
15,10,0.4,2,0.4,3,0,0.0016088891599820379
15,10,0.4,2,0.5,3,0,0.0019108898119242035
15,10,0.5,2,0.1,3,0,0.0011539502578875272
15,10,0.5,2,0.2,3,0,0.0012759593303538338
15,10,0.5,2,0.3,3,0,0.0014277170149144403
15,10,0.5,2,0.4,3,0,0.001625892976051128
15,10,0.5,2,0.5,3,0,0.0019051936428092883
15,10,0.1,3,0.1,3,0,0.002422211305219645
15,10,0.1,3,0.2,3,0,0.0026923309489483255
15,10,0.1,3,0.3,3,0,0.0030207532663325703
15,10,0.1,3,0.4,3,0,0.0034614552633744555
15,10,0.1,3,0.5,3,0,0.004079264974856557
15,10,0.2,3,0.1,3,0,0.0015260310935718267
15,10,0.2,3,0.2,3,0,0.0016887440095671848
15,10,0.2,3,0.3,3,0,0.0019024096630080607
15,10,0.2,3,0.4,3,0,0.002203522468189819
15,10,0.2,3,0.5,3,0,0.0026424818926043233
15,10,0.3,3,0.1,3,0,0.0014488715348132432
15,10,0.3,3,0.2,3,0,0.0016155993593563996
15,10,0.3,3,0.3,3,0,0.001826012232276118
15,10,0.3,3,0.4,3,0,0.0021034579559729115
15,10,0.3,3,0.5,3,0,0.0024931324878932457
15,10,0.4,3,0.1,3,0,0.0012021405303382958
15,10,0.4,3,0.2,3,0,0.0013254291872698194
15,10,0.4,3,0.3,3,0,0.0014819439809622855
15,10,0.4,3,0.4,3,0,0.0016890906383786428
15,10,0.4,3,0.5,3,0,0.0019805709010293545
15,10,0.5,3,0.1,3,0,0.0011229613182783633
15,10,0.5,3,0.2,3,0,0.0012561874325090682
15,10,0.5,3,0.3,3,0,0.0014225206950736096
15,10,0.5,3,0.4,3,0,0.001638745436488536
15,10,0.5,3,0.5,3,0,0.001935548192539146
15,10,0.1,4,0.1,3,0,0.002471822180014385
15,10,0.1,4,0.2,3,0,0.002756944011963727
15,10,0.1,4,0.3,3,0,0.0031296310226314713
15,10,0.1,4,0.4,3,0,0.0036302873777591133
15,10,0.1,4,0.5,3,0,0.004322872529899381
15,10,0.2,4,0.1,3,0,0.0016973593607510777
15,10,0.2,4,0.2,3,0,0.001898404779293778
15,10,0.2,4,0.3,3,0,0.0021544259981442974
15,10,0.2,4,0.4,3,0,0.0024939698729427823
15,10,0.2,4,0.5,3,0,0.0029700927445325
15,10,0.3,4,0.1,3,0,0.0013591288401099465
15,10,0.3,4,0.2,3,0,0.0015395614905469367
15,10,0.3,4,0.3,3,0,0.0017662761653132353
15,10,0.3,4,0.4,3,0,0.002063113938899785
15,10,0.3,4,0.5,3,0,0.0024729940704915437
15,10,0.4,4,0.1,3,0,0.0011629548150986766
15,10,0.4,4,0.2,3,0,0.001312981802445532
15,10,0.4,4,0.3,3,0,0.0015017229400029043
15,10,0.4,4,0.4,3,0,0.0017494403541878146
15,10,0.4,4,0.5,3,0,0.002092530768737687
15,10,0.5,4,0.1,3,0,0.0011378696663538808
15,10,0.5,4,0.2,3,0,0.0012825668494217514
15,10,0.5,4,0.3,3,0,0.001467697256391157
15,10,0.5,4,0.4,3,0,0.0017130994245343012
15,10,0.5,4,0.5,3,0,0.002054430358994045
20,10,0.1,1,0.1,1,0,0.002062264918255595
20,10,0.1,1,0.2,1,0,0.0021825957785862084
20,10,0.1,1,0.3,1,0,0.0024260889266311636
20,10,0.1,1,0.4,1,0,0.002688225571477699
20,10,0.1,1,0.5,1,0,0.0030055868727560243
20,10,0.2,1,0.1,1,0,0.0015709218697482188
20,10,0.2,1,0.2,1,0,0.0016477209639453208
20,10,0.2,1,0.3,1,0,0.0017231433897145821
20,10,0.2,1,0.4,1,0,0.0018600681178476972
20,10,0.2,1,0.5,1,0,0.00207749077267659
20,10,0.3,1,0.1,1,0,0.0014894684164280492
20,10,0.3,1,0.2,1,0,0.0015578853390559061
20,10,0.3,1,0.3,1,0,0.0016821881525841173
20,10,0.3,1,0.4,1,0,0.0018501963197203458
20,10,0.3,1,0.5,1,0,0.0020441307566304466
20,10,0.4,1,0.1,1,0,0.0012930047118717453
20,10,0.4,1,0.2,1,0,0.0013486291665212552
20,10,0.4,1,0.3,1,0,0.0014212002346713373
20,10,0.4,1,0.4,1,0,0.001537667386017198
20,10,0.4,1,0.5,1,0,0.00172324291541594
20,10,0.5,1,0.1,1,0,0.0014095714519561646
20,10,0.5,1,0.2,1,0,0.001469462605316822
20,10,0.5,1,0.3,1,0,0.0015403562396075438
20,10,0.5,1,0.4,1,0,0.0016332470919474063
20,10,0.5,1,0.5,1,0,0.0017772306358552212
20,10,0.1,2,0.1,1,0,0.002144326639758443
20,10,0.1,2,0.2,1,0,0.002283563986083162
20,10,0.1,2,0.3,1,0,0.002497793734041914
20,10,0.1,2,0.4,1,0,0.0027631906274124137
20,10,0.1,2,0.5,1,0,0.0031208155932289116
20,10,0.2,2,0.1,1,0,0.0014947503600094359
20,10,0.2,2,0.2,1,0,0.0015705641671767768
20,10,0.2,2,0.3,1,0,0.0016799117094681868
20,10,0.2,2,0.4,1,0,0.0018560033246680923
20,10,0.2,2,0.5,1,0,0.002111739543682217
20,10,0.3,2,0.1,1,0,0.0015836511225281425
20,10,0.3,2,0.2,1,0,0.001663555441398643
20,10,0.3,2,0.3,1,0,0.0017622913654871673
20,10,0.3,2,0.4,1,0,0.0018945803444275254
20,10,0.3,2,0.5,1,0,0.002095634033587085
20,10,0.4,2,0.1,1,0,0.0014105117553144392
20,10,0.4,2,0.2,1,0,0.0014917199024333293
20,10,0.4,2,0.3,1,0,0.0015912393084314912
20,10,0.4,2,0.4,1,0,0.0017187934015612193
20,10,0.4,2,0.5,1,0,0.0018960681591379037
20,10,0.5,2,0.1,1,0,0.0014880495464644036
20,10,0.5,2,0.2,1,0,0.0015734453711369952
20,10,0.5,2,0.3,1,0,0.0016771327498230782
20,10,0.5,2,0.4,1,0,0.0018083400320325887
20,10,0.5,2,0.5,1,0,0.001984796445627273
20,10,0.1,3,0.1,1,0,0.0022794333403082533
20,10,0.1,3,0.2,1,0,0.0024796456076675096
20,10,0.1,3,0.3,1,0,0.0027671779480162207
20,10,0.1,3,0.4,1,0,0.0031272191969105778
20,10,0.1,3,0.5,1,0,0.003598857510576798
20,10,0.2,3,0.1,1,0,0.0017082381596940305
20,10,0.2,3,0.2,1,0,0.0018267181882094562
20,10,0.2,3,0.3,1,0,0.001976685934879527
20,10,0.2,3,0.4,1,0,0.0021757504732150983
20,10,0.2,3,0.5,1,0,0.0024632170966020213
20,10,0.3,3,0.1,1,0,0.0017444381200194588
20,10,0.3,3,0.2,1,0,0.0018676791101177464
20,10,0.3,3,0.3,1,0,0.0020222956121605535
20,10,0.3,3,0.4,1,0,0.0022240529159193883
20,10,0.3,3,0.5,1,0,0.0025023582470944765
20,10,0.4,3,0.1,1,0,0.0014141720844073893
20,10,0.4,3,0.2,1,0,0.0015112745792070035
20,10,0.4,3,0.3,1,0,0.0016319074292055825
20,10,0.4,3,0.4,1,0,0.001787854956041558
20,10,0.4,3,0.5,1,0,0.002000691362998143
20,10,0.5,3,0.1,1,0,0.001414172171068505
20,10,0.5,3,0.2,1,0,0.0015112746705691874
20,10,0.5,3,0.3,1,0,0.0016319073722235115
20,10,0.5,3,0.4,1,0,0.0017878380998920579
20,10,0.5,3,0.5,1,0,0.0020003144768635283
20,10,0.1,4,0.1,1,0,0.0025309732914723065
20,10,0.1,4,0.2,1,0,0.002766292299521929
20,10,0.1,4,0.3,1,0,0.0030681172231902093
20,10,0.1,4,0.4,1,0,0.0034765368676389274
20,10,0.1,4,0.5,1,0,0.004067294964480836
20,10,0.2,4,0.1,1,0,0.0018990248576976222
20,10,0.2,4,0.2,1,0,0.0020656233682614295
20,10,0.2,4,0.3,1,0,0.0022780175492688685
20,10,0.2,4,0.4,1,0,0.002559173678615888
20,10,0.2,4,0.5,1,0,0.0029513383603452853
20,10,0.3,4,0.1,1,0,0.0016334233255593717
20,10,0.3,4,0.2,1,0,0.0017771255839537173
20,10,0.3,4,0.3,1,0,0.001960079153121831
20,10,0.3,4,0.4,1,0,0.0022019111847596333
20,10,0.3,4,0.5,1,0,0.0025380018899728725
20,10,0.4,4,0.1,1,0,0.0013678217310324362
20,10,0.4,4,0.2,1,0,0.0014886272994361143
20,10,0.4,4,0.3,1,0,0.0016421423124316076
20,10,0.4,4,0.4,1,0,0.0018447228674285934
20,10,0.4,4,0.5,1,0,0.0021258556231726526
20,10,0.5,4,0.1,1,0,0.0013678215382824633
20,10,0.5,4,0.2,1,0,0.0014886271446004093
20,10,0.5,4,0.3,1,0,0.0016421415193565963
20,10,0.5,4,0.4,1,0,0.0018447209623853155
20,10,0.5,4,0.5,1,0,0.0021258139660632917
20,10,0.1,1,0.1,2,0,0.00245915965968148
20,10,0.1,1,0.2,2,0,0.002659983219090379
20,10,0.1,1,0.3,2,0,0.0030381620949388975
20,10,0.1,1,0.4,2,0,0.0034492165210262167
20,10,0.1,1,0.5,2,0,0.0039506969567323
20,10,0.2,1,0.1,2,0,0.001725243945037314
20,10,0.2,1,0.2,2,0,0.0018438088893829455
20,10,0.2,1,0.3,2,0,0.0019692234589223753
20,10,0.2,1,0.4,2,0,0.002193758491694982
20,10,0.2,1,0.5,2,0,0.0025455441359751125
20,10,0.3,1,0.1,2,0,0.0014984620292741167
20,10,0.3,1,0.2,2,0,0.0016235717126928122
20,10,0.3,1,0.3,2,0,0.0018377528974787107
20,10,0.3,1,0.4,2,0,0.0021168227071716216
20,10,0.3,1,0.5,2,0,0.002434721142773976
20,10,0.4,1,0.1,2,0,0.0013135768855788287
20,10,0.4,1,0.2,2,0,0.0013909536955046921
20,10,0.4,1,0.3,2,0,0.0014997586032288676
20,10,0.4,1,0.4,2,0,0.0016827481995255109
20,10,0.4,1,0.5,2,0,0.0019817585157448202
20,10,0.5,1,0.1,2,0,0.0013549106723205618
20,10,0.5,1,0.2,2,0,0.0014601749099207688
20,10,0.5,1,0.3,2,0,0.0015844371682462023
20,10,0.5,1,0.4,2,0,0.0017461753408526048
20,10,0.5,1,0.5,2,0,0.0019913826576272975
20,10,0.1,2,0.1,2,0,0.0025447564164330586
20,10,0.1,2,0.2,2,0,0.0027790419194613555
20,10,0.1,2,0.3,2,0,0.0031140787888883723
20,10,0.1,2,0.4,2,0,0.0035237538712399406
20,10,0.1,2,0.5,2,0,0.004069709595577739
20,10,0.2,2,0.1,2,0,0.0016232388063844464
20,10,0.2,2,0.2,2,0,0.0017438014395508871
20,10,0.2,2,0.3,2,0,0.0019216761126666063
20,10,0.2,2,0.4,2,0,0.0022052471302528667
20,10,0.2,2,0.5,2,0,0.002608072660017054
20,10,0.3,2,0.1,2,0,0.001690773120546661
20,10,0.3,2,0.2,2,0,0.0018211878416923024
20,10,0.3,2,0.3,2,0,0.001982637547124151
20,10,0.3,2,0.4,2,0,0.0021983684454099594
20,10,0.3,2,0.5,2,0,0.0025216533819659506
20,10,0.4,2,0.1,2,0,0.0014924718312524458
20,10,0.4,2,0.2,2,0,0.0016156464213905647
20,10,0.4,2,0.3,2,0,0.001770683896114867
20,10,0.4,2,0.4,2,0,0.001973283614081305
20,10,0.4,2,0.5,2,0,0.002257873627261625
20,10,0.5,2,0.1,2,0,0.0015302075583538712
20,10,0.5,2,0.2,2,0,0.0016664487028694938
20,10,0.5,2,0.3,2,0,0.0018333160802980533
20,10,0.5,2,0.4,2,0,0.0020460407428699776
20,10,0.5,2,0.5,2,0,0.0023334715559840432
20,10,0.1,3,0.1,2,0,0.002753179259873607
20,10,0.1,3,0.2,2,0,0.0030624094967400903
20,10,0.1,3,0.3,2,0,0.0034885455889257758
20,10,0.1,3,0.4,2,0,0.004015185941168594
20,10,0.1,3,0.5,2,0,0.0047044310089947375
20,10,0.2,3,0.1,2,0,0.0019503270411691277
20,10,0.2,3,0.2,2,0,0.002131608509383463
20,10,0.2,3,0.3,2,0,0.0023605572109559004
20,10,0.2,3,0.4,2,0,0.0026641528990016565
20,10,0.2,3,0.5,2,0,0.0031002902268903627
20,10,0.3,3,0.1,2,0,0.001877813942397942
20,10,0.3,3,0.2,2,0,0.002071976571340136
20,10,0.3,3,0.3,2,0,0.002313950213544489
20,10,0.3,3,0.4,2,0,0.0026277981485590047
20,10,0.3,3,0.5,2,0,0.0030580806051521588
20,10,0.4,3,0.1,2,0,0.0015501668745833553
20,10,0.4,3,0.2,2,0,0.001687630948490393
20,10,0.4,3,0.3,2,0,0.0018637118702127613
20,10,0.4,3,0.4,2,0,0.0020963364517112633
20,10,0.4,3,0.5,2,0,0.002418551284439987
20,10,0.5,3,0.1,2,0,0.0014779453666647967
20,10,0.5,3,0.2,2,0,0.0016264757697334242
20,10,0.5,3,0.3,2,0,0.0018122977223342424
20,10,0.5,3,0.4,2,0,0.0020536602384104157
20,10,0.5,3,0.5,2,0,0.002383426740143537
20,10,0.1,4,0.1,2,0,0.003079571999743754
20,10,0.1,4,0.2,2,0,0.00341614676158398
20,10,0.1,4,0.3,2,0,0.0038436214400257196
20,10,0.1,4,0.4,2,0,0.00441565516384905
20,10,0.1,4,0.5,2,0,0.0052295848864649126
20,10,0.2,4,0.1,2,0,0.0021799483249651226
20,10,0.2,4,0.2,2,0,0.0024196544041135996
20,10,0.2,4,0.3,2,0,0.0027246102395626906
20,10,0.2,4,0.4,2,0,0.003127316631903054
20,10,0.2,4,0.5,2,0,0.0036868979440226493
20,10,0.3,4,0.1,2,0,0.0017726662525082433
20,10,0.3,4,0.2,2,0,0.0019841906791716294
20,10,0.3,4,0.3,2,0,0.0022513776168268307
20,10,0.3,4,0.4,2,0,0.0026022924529644823
20,10,0.3,4,0.5,2,0,0.003087396914349066
20,10,0.4,4,0.1,2,0,0.0015105700134290206
20,10,0.4,4,0.2,2,0,0.0016823034916459798
20,10,0.4,4,0.3,2,0,0.0019010600002273836
20,10,0.4,4,0.4,2,0,0.0021904491608530485
20,10,0.4,4,0.5,2,0,0.00259269929465597
20,10,0.5,4,0.1,2,0,0.0014429546043144567
20,10,0.5,4,0.2,2,0,0.0016227749419403883
20,10,0.5,4,0.3,2,0,0.0018480589642041996
20,10,0.5,4,0.4,2,0,0.002142775583067221
20,10,0.5,4,0.5,2,0,0.00254937911747915
20,10,0.1,1,0.1,3,0,0.0027423363504911814
20,10,0.1,1,0.2,3,0,0.0029784147583288173
20,10,0.1,1,0.3,3,0,0.003428458441909036
20,10,0.1,1,0.4,3,0,0.003929967533813537
20,10,0.1,1,0.5,3,0,0.00454996083502265
20,10,0.2,1,0.1,3,0,0.0018209143924190476
20,10,0.2,1,0.2,3,0,0.001961877898606646
20,10,0.2,1,0.3,3,0,0.0021198504123675936
20,10,0.2,1,0.4,3,0,0.0024022569321726266
20,10,0.2,1,0.5,3,0,0.002843382499709119
20,10,0.3,1,0.1,3,0,0.0014543133614373475
20,10,0.3,1,0.2,3,0,0.001623058020122589
20,10,0.3,1,0.3,3,0,0.0019008688526401408
20,10,0.3,1,0.4,3,0,0.002252890925495975
20,10,0.3,1,0.5,3,0,0.002651054644729749
20,10,0.4,1,0.1,3,0,0.001318829248192917
20,10,0.4,1,0.2,3,0,0.0014124031096672714
20,10,0.4,1,0.3,3,0,0.0015455556626330423
20,10,0.4,1,0.4,3,0,0.001772117704536046
20,10,0.4,1,0.5,3,0,0.0021455195210504465
20,10,0.5,1,0.1,3,0,0.0012803297758278778
20,10,0.5,1,0.2,3,0,0.0014114891896781384
20,10,0.5,1,0.3,3,0,0.001569626765468277
20,10,0.5,1,0.4,3,0,0.0017783698712997723
20,10,0.5,1,0.5,3,0,0.002093150977326667
20,10,0.1,2,0.1,3,0,0.0027886470966494575
20,10,0.1,2,0.2,3,0,0.003066856127091929
20,10,0.1,2,0.3,3,0,0.0034630938512012553
20,10,0.1,2,0.4,3,0,0.003953525719965302
20,10,0.1,2,0.5,3,0,0.004605059599824366
20,10,0.2,2,0.1,3,0,0.0016920605127805825
20,10,0.2,2,0.2,3,0,0.00183952737447834
20,10,0.2,2,0.3,3,0,0.0020600393540641513
20,10,0.2,2,0.4,3,0,0.0024093727503617553
20,10,0.2,2,0.5,3,0,0.002899860385073953
20,10,0.3,2,0.1,3,0,0.0017256198766482194
20,10,0.3,2,0.2,3,0,0.0018857449144642228
20,10,0.3,2,0.3,3,0,0.002085142880234933
20,10,0.3,2,0.4,3,0,0.002352274293943174
20,10,0.3,2,0.5,3,0,0.0027500674059692757
20,10,0.4,2,0.1,3,0,0.0015381859659780843
20,10,0.4,2,0.2,3,0,0.0016863569941261167
20,10,0.4,2,0.3,3,0,0.0018745957715958135
20,10,0.4,2,0.4,3,0,0.0021229331875992695
20,10,0.4,2,0.5,3,0,0.002473973326162126
20,10,0.5,2,0.1,3,0,0.0015395245519833885
20,10,0.5,2,0.2,3,0,0.001702547335681097
20,10,0.5,2,0.3,3,0,0.0019048096333087316
20,10,0.5,2,0.4,3,0,0.002165322789757793
20,10,0.5,2,0.5,3,0,0.0025199423967700424
20,10,0.1,3,0.1,3,0,0.0030009301903236303
20,10,0.1,3,0.2,3,0,0.0033554380491974973
20,10,0.1,3,0.3,3,0,0.003842550471109656
20,10,0.1,3,0.4,3,0,0.004445696131866005
20,10,0.1,3,0.5,3,0,0.005235822553981533
20,10,0.2,3,0.1,3,0,0.002036994200314374
20,10,0.2,3,0.2,3,0,0.0022525980723332203
20,10,0.2,3,0.3,3,0,0.0025250363879054027
20,10,0.2,3,0.4,3,0,0.0028863382051537807
20,10,0.2,3,0.5,3,0,0.0034033519967664474
20,10,0.3,3,0.1,3,0,0.0019329759320810514
20,10,0.3,3,0.2,3,0,0.0021555906046263483
20,10,0.3,3,0.3,3,0,0.0024359958207465855
20,10,0.3,3,0.4,3,0,0.002802568323200955
20,10,0.3,3,0.5,3,0,0.0033075984199156154
20,10,0.4,3,0.1,3,0,0.0016034487557345949
20,10,0.4,3,0.2,3,0,0.0017682045975163858
20,10,0.4,3,0.3,3,0,0.0019772074733365322
20,10,0.4,3,0.4,3,0,0.002252641043169455
20,10,0.4,3,0.5,3,0,0.0026345645438930238
20,10,0.5,3,0.1,3,0,0.0014977761728194915
20,10,0.5,3,0.2,3,0,0.0016757788712352044
20,10,0.5,3,0.3,3,0,0.001897948392144162
20,10,0.5,3,0.4,3,0,0.0021865035778334025
20,10,0.5,3,0.5,3,0,0.0025811162370050853
20,10,0.1,4,0.1,3,0,0.003295206205707227
20,10,0.1,4,0.2,3,0,0.0036668598705395005
20,10,0.1,4,0.3,3,0,0.004139950533120318
20,10,0.1,4,0.4,3,0,0.0047721723819793855
20,10,0.1,4,0.5,3,0,0.005665295547543265
20,10,0.2,4,0.1,3,0,0.0022631081940836808
20,10,0.2,4,0.2,3,0,0.00253129343654127
20,10,0.2,4,0.3,3,0,0.002872528405712844
20,10,0.2,4,0.4,3,0,0.0033230734433242278
20,10,0.2,4,0.5,3,0,0.0039483866027146975
20,10,0.3,4,0.1,3,0,0.0018115042708591379
20,10,0.3,4,0.2,3,0,0.0020522610828160796
20,10,0.3,4,0.3,3,0,0.0023547590686520377
20,10,0.3,4,0.4,3,0,0.0027507058029421806
20,10,0.3,4,0.5,3,0,0.0032968455441868146
20,10,0.4,4,0.1,3,0,0.0015499417717313863
20,10,0.4,4,0.2,3,0,0.0017501876128241673
20,10,0.4,4,0.3,3,0,0.0020020691452323973
20,10,0.4,4,0.4,3,0,0.0023325300880309525
20,10,0.4,4,0.5,3,0,0.0027894887615133655
20,10,0.5,4,0.1,3,0,0.0015166115206706914
20,10,0.5,4,0.2,3,0,0.0017096347231229721
20,10,0.5,4,0.3,3,0,0.001956628079268972
20,10,0.5,4,0.4,3,0,0.0022840187960213487
20,10,0.5,4,0.5,3,0,0.0027391446722231905
25,10,0.1,1,0.1,1,0,0.0024237054980311857
25,10,0.1,1,0.2,1,0,0.0026170398252912336
25,10,0.1,1,0.3,1,0,0.0027507985451187818
25,10,0.1,1,0.4,1,0,0.0030112084753091428
25,10,0.1,1,0.5,1,0,0.0034069021571225735
25,10,0.2,1,0.1,1,0,0.0017131898861275114
25,10,0.2,1,0.2,1,0,0.0018682327911349757
25,10,0.2,1,0.3,1,0,0.0020716079096794087
25,10,0.2,1,0.4,1,0,0.002233902684091501
25,10,0.2,1,0.5,1,0,0.0024373995020736065
25,10,0.3,1,0.1,1,0,0.001861363247076624
25,10,0.3,1,0.2,1,0,0.0019290930632666816
25,10,0.3,1,0.3,1,0,0.002018149372511309
25,10,0.3,1,0.4,1,0,0.0021706058884074096
25,10,0.3,1,0.5,1,0,0.002417303051868604
25,10,0.4,1,0.1,1,0,0.0016162390106321683
25,10,0.4,1,0.2,1,0,0.0016853432095188126
25,10,0.4,1,0.3,1,0,0.0017677749601600417
25,10,0.4,1,0.4,1,0,0.001875388546436077
25,10,0.4,1,0.5,1,0,0.0020474192487808804
25,10,0.5,1,0.1,1,0,0.0017619524552033292
25,10,0.5,1,0.2,1,0,0.0018368026023108217
25,10,0.5,1,0.3,1,0,0.0019247217846346852
25,10,0.5,1,0.4,1,0,0.002032791529237961
25,10,0.5,1,0.5,1,0,0.0021798969848773435
25,10,0.1,2,0.1,1,0,0.0025309895335421523
25,10,0.1,2,0.2,1,0,0.002782619728354524
25,10,0.1,2,0.3,1,0,0.002996063313092936
25,10,0.1,2,0.4,1,0,0.0032944503749954227
25,10,0.1,2,0.5,1,0,0.0037234991014791696
25,10,0.2,2,0.1,1,0,0.0018691814105718128
25,10,0.2,2,0.2,1,0,0.001962232559621358
25,10,0.2,2,0.3,1,0,0.0020790981472767313
25,10,0.2,2,0.4,1,0,0.0022429049043190276
25,10,0.2,2,0.5,1,0,0.0025101304867213557
25,10,0.3,2,0.1,1,0,0.00198009940507904
25,10,0.3,2,0.2,1,0,0.002080020123219227
25,10,0.3,2,0.3,1,0,0.0022028138623337774
25,10,0.3,2,0.4,1,0,0.0023604417050837475
25,10,0.3,2,0.5,1,0,0.002580260214399754
25,10,0.4,2,0.1,1,0,0.0017636752020873548
25,10,0.4,2,0.2,1,0,0.0018652375637806418
25,10,0.4,2,0.3,1,0,0.001989662350003688
25,10,0.4,2,0.4,1,0,0.002148408830120437
25,10,0.4,2,0.5,1,0,0.002362864724741139
25,10,0.5,2,0.1,1,0,0.0018604162541737618
25,10,0.5,2,0.2,1,0,0.0019672335026392172
25,10,0.5,2,0.3,1,0,0.0020969130057743486
25,10,0.5,2,0.4,1,0,0.0022608896251292408
25,10,0.5,2,0.5,1,0,0.0024798807762148947
25,10,0.1,3,0.1,1,0,0.002848141374190957
25,10,0.1,3,0.2,1,0,0.00306413628601997
25,10,0.1,3,0.3,1,0,0.003354330829320522
25,10,0.1,3,0.4,1,0,0.003781993801384412
25,10,0.1,3,0.5,1,0,0.004388933380286991
25,10,0.2,3,0.1,1,0,0.002136077831389998
25,10,0.2,3,0.2,1,0,0.0022842251355745164
25,10,0.2,3,0.3,1,0,0.002471591469914817
25,10,0.2,3,0.4,1,0,0.0027179095748695215
25,10,0.2,3,0.5,1,0,0.0030609339754133665
25,10,0.3,3,0.1,1,0,0.0021809620949310026
25,10,0.3,3,0.2,1,0,0.002335102715407917
25,10,0.3,3,0.3,1,0,0.002528460590724938
25,10,0.3,3,0.4,1,0,0.002780647175001332
25,10,0.3,3,0.5,1,0,0.003127086961895422
25,10,0.4,3,0.1,1,0,0.0017681295512425189
25,10,0.4,3,0.2,1,0,0.001889597057666561
25,10,0.4,3,0.3,1,0,0.0020404771668883475
25,10,0.4,3,0.4,1,0,0.002235477669150094
25,10,0.4,3,0.5,1,0,0.0025011030345576707
25,10,0.5,3,0.1,1,0,0.0017681296591663992
25,10,0.5,3,0.2,1,0,0.0018895971729818073
25,10,0.5,3,0.3,1,0,0.0020404774153217056
25,10,0.5,3,0.4,1,0,0.0022354775244864456
25,10,0.5,3,0.5,1,0,0.002501073476193683
25,10,0.1,4,0.1,1,0,0.003163777705798289
25,10,0.1,4,0.2,1,0,0.0034579493438883866
25,10,0.1,4,0.3,1,0,0.0038339258451665637
25,10,0.1,4,0.4,1,0,0.004333606025611102
25,10,0.1,4,0.5,1,0,0.005039783356272792
25,10,0.2,4,0.1,1,0,0.0023738422043300604
25,10,0.2,4,0.2,1,0,0.0025821514677926427
25,10,0.2,4,0.3,1,0,0.002847703325614172
25,10,0.2,4,0.4,1,0,0.003199119206369842
25,10,0.2,4,0.5,1,0,0.003688032929158107
25,10,0.3,4,0.1,1,0,0.0020418402888748625
25,10,0.3,4,0.2,1,0,0.00222152924379735
25,10,0.3,4,0.3,1,0,0.0024502823199411437
25,10,0.3,4,0.4,1,0,0.0027526315458425727
25,10,0.3,4,0.5,1,0,0.0031727381587552082
25,10,0.4,4,0.1,1,0,0.0017098382959052853
25,10,0.4,4,0.2,1,0,0.001860906388260818
25,10,0.4,4,0.3,1,0,0.0020528612702795422
25,10,0.4,4,0.4,1,0,0.002306146312596925
25,10,0.4,4,0.5,1,0,0.0026575627843596844
25,10,0.5,4,0.1,1,0,0.0017098380546657125
25,10,0.5,4,0.2,1,0,0.0018609061944099626
25,10,0.5,4,0.3,1,0,0.002052860293224254
25,10,0.5,4,0.4,1,0,0.0023061454310911436
25,10,0.5,4,0.5,1,0,0.0026575585797035807
25,10,0.1,1,0.1,2,0,0.0028585300481516474
25,10,0.1,1,0.2,2,0,0.0031477263785011987
25,10,0.1,1,0.3,2,0,0.0033612458283194665
25,10,0.1,1,0.4,2,0,0.003774542390424899
25,10,0.1,1,0.5,2,0,0.004390265471878835
25,10,0.2,1,0.1,2,0,0.0017077523087871969
25,10,0.2,1,0.2,2,0,0.0019862114721343
25,10,0.2,1,0.3,2,0,0.002328565438558187
25,10,0.2,1,0.4,2,0,0.002596727798764331
25,10,0.2,1,0.5,2,0,0.0029299731775215216
25,10,0.3,1,0.1,2,0,0.001872098689145623
25,10,0.3,1,0.2,2,0,0.001995370007503423
25,10,0.3,1,0.3,2,0,0.0021549814128939233
25,10,0.3,1,0.4,2,0,0.002418305885231596
25,10,0.3,1,0.5,2,0,0.0028316333919967606
25,10,0.4,1,0.1,2,0,0.0016421522294087921
25,10,0.4,1,0.2,2,0,0.0017382068619314149
25,10,0.4,1,0.3,2,0,0.0018612243773279366
25,10,0.4,1,0.4,2,0,0.002030210377143387
25,10,0.4,1,0.5,2,0,0.0023085146929463325
25,10,0.5,1,0.1,2,0,0.0016938198686372286
25,10,0.5,1,0.2,2,0,0.0018253840877479374
25,10,0.5,1,0.3,2,0,0.0019794596376431616
25,10,0.5,1,0.4,2,0,0.002168604735274684
25,10,0.5,1,0.5,2,0,0.0024243788311422714
25,10,0.1,2,0.1,2,0,0.002974046845964763
25,10,0.1,2,0.2,2,0,0.003362851325902204
25,10,0.1,2,0.3,2,0,0.0037058895437208726
25,10,0.1,2,0.4,2,0,0.0041745006055307005
25,10,0.1,2,0.5,2,0,0.004834559132524523
25,10,0.2,2,0.1,2,0,0.0020305511040205953
25,10,0.2,2,0.2,2,0,0.0021776818706351416
25,10,0.2,2,0.3,2,0,0.002365253365445482
25,10,0.2,2,0.4,2,0,0.002630878448150731
25,10,0.2,2,0.5,2,0,0.0030608102510861547
25,10,0.3,2,0.1,2,0,0.002114540350822127
25,10,0.3,2,0.2,2,0,0.002277642745526818
25,10,0.3,2,0.3,2,0,0.0024784864491243135
25,10,0.3,2,0.4,2,0,0.0027367053793319234
25,10,0.3,2,0.5,2,0,0.003095765253776079
25,10,0.4,2,0.1,2,0,0.001866661929994741
25,10,0.4,2,0.2,2,0,0.002020749694116965
25,10,0.4,2,0.3,2,0,0.002214611922047588
25,10,0.4,2,0.4,2,0,0.0024667516197833645
25,10,0.4,2,0.5,2,0,0.002811877212797865
25,10,0.5,2,0.1,2,0,0.0019133971544451679
25,10,0.5,2,0.2,2,0,0.0020838565215189446
25,10,0.5,2,0.3,2,0,0.002292593417649211
25,10,0.5,2,0.4,2,0,0.0025584919789520236
25,10,0.5,2,0.5,2,0,0.00291555320883468
25,10,0.1,3,0.1,2,0,0.003439291123418388
25,10,0.1,3,0.2,2,0,0.0037749830029414635
25,10,0.1,3,0.3,2,0,0.004218492615758271
25,10,0.1,3,0.4,2,0,0.004855731930143798
25,10,0.1,3,0.5,2,0,0.005743648515980365
25,10,0.2,3,0.1,2,0,0.002439220300718782
25,10,0.2,3,0.2,2,0,0.0026659577361629106
25,10,0.2,3,0.3,2,0,0.0029520291799452784
25,10,0.2,3,0.4,2,0,0.0033277439022249148
25,10,0.2,3,0.5,2,0,0.0038503975021306515
25,10,0.3,3,0.1,2,0,0.002348068836085366
25,10,0.3,3,0.2,2,0,0.0025909113041918705
25,10,0.3,3,0.3,2,0,0.0028935245454861785
25,10,0.3,3,0.4,2,0,0.0032858514697191384
25,10,0.3,3,0.5,2,0,0.0038219099444295034
25,10,0.4,3,0.1,2,0,0.0019382201479736585
25,10,0.4,3,0.2,2,0,0.00211025872020203
25,10,0.4,3,0.3,2,0,0.0023305689582349184
25,10,0.4,3,0.4,2,0,0.0026215272192158306
25,10,0.4,3,0.5,2,0,0.003023830773349247
25,10,0.5,3,0.1,2,0,0.001847931690836984
25,10,0.5,3,0.2,2,0,0.002033789348905702
25,10,0.5,3,0.3,2,0,0.0022662669376102844
25,10,0.5,3,0.4,2,0,0.002568171866684605
25,10,0.5,3,0.5,2,0,0.0029804792873368065
25,10,0.1,4,0.1,2,0,0.0038496114358999886
25,10,0.1,4,0.2,2,0,0.0042703458685346566
25,10,0.1,4,0.3,2,0,0.004803296338913514
25,10,0.1,4,0.4,2,0,0.005508183975166372
25,10,0.1,4,0.5,2,0,0.006496878990034817
25,10,0.2,4,0.1,2,0,0.0027250354848607277
25,10,0.2,4,0.2,2,0,0.0030247432328686934
25,10,0.2,4,0.3,2,0,0.0034060233243019995
25,10,0.2,4,0.4,2,0,0.003909404134442507
25,10,0.2,4,0.5,2,0,0.004607608883355829
25,10,0.3,4,0.1,2,0,0.0022157160240532485
25,10,0.3,4,0.2,2,0,0.0024802217942377375
25,10,0.3,4,0.3,2,0,0.0028143201705466375
25,10,0.3,4,0.4,2,0,0.003253089467986958
25,10,0.3,4,0.5,2,0,0.0038595566789783446
25,10,0.4,4,0.1,2,0,0.0018881333697697755
25,10,0.4,4,0.2,2,0,0.002102899596600158
25,10,0.4,4,0.3,2,0,0.0023764542048714367
25,10,0.4,4,0.4,2,0,0.0027383084945620155
25,10,0.4,4,0.5,2,0,0.0032411943524961666
25,10,0.5,4,0.1,2,0,0.0018034625210760146
25,10,0.5,4,0.2,2,0,0.0020283659359628687
25,10,0.5,4,0.3,2,0,0.002310104039923363
25,10,0.5,4,0.4,2,0,0.002678639646577115
25,10,0.5,4,0.5,2,0,0.003187028920682778
25,10,0.1,1,0.1,3,0,0.003154286123902138
25,10,0.1,1,0.2,3,0,0.0034933781153348533
25,10,0.1,1,0.3,3,0,0.0037538060564048722
25,10,0.1,1,0.4,3,0,0.004253564400547557
25,10,0.1,1,0.5,3,0,0.004998977440337166
25,10,0.2,1,0.1,3,0,0.0016808089507111717
25,10,0.2,1,0.2,3,0,0.0020565496916714818
25,10,0.2,1,0.3,3,0,0.002489769236422305
25,10,0.2,1,0.4,3,0,0.0028255909638803863
25,10,0.2,1,0.5,3,0,0.0032436490512788596
25,10,0.3,1,0.1,3,0,0.0018155110490029897
25,10,0.3,1,0.2,3,0,0.001976455636191781
25,10,0.3,1,0.3,3,0,0.0021876613308944325
25,10,0.3,1,0.4,3,0,0.002531377129036022
25,10,0.3,1,0.5,3,0,0.0030586448340167525
25,10,0.4,1,0.1,3,0,0.001648950154506961
25,10,0.4,1,0.2,3,0,0.0017650981537162519
25,10,0.4,1,0.3,3,0,0.0019155201234885063
25,10,0.4,1,0.4,3,0,0.002125435590348381
25,10,0.4,1,0.5,3,0,0.002474820911040817
25,10,0.5,1,0.1,3,0,0.001600772910524282
25,10,0.5,1,0.2,3,0,0.0017647216499896729
25,10,0.5,1,0.3,3,0,0.0019604450004135745
25,10,0.5,1,0.4,3,0,0.0022041082258079086
25,10,0.5,1,0.5,3,0,0.002535950070240137
25,10,0.1,2,0.1,3,0,0.003252626376043258
25,10,0.1,2,0.2,3,0,0.003702670978566354
25,10,0.1,2,0.3,3,0,0.004111425446056304
25,10,0.1,2,0.4,3,0,0.004669940215452749
25,10,0.1,2,0.5,3,0,0.00545616541713238
25,10,0.2,2,0.1,3,0,0.002117188352014686
25,10,0.2,2,0.2,3,0,0.002296566303408836
25,10,0.2,2,0.3,3,0,0.0025276867203502707
25,10,0.2,2,0.4,3,0,0.0028575278120628353
25,10,0.2,2,0.5,3,0,0.00338846084219025
25,10,0.3,2,0.1,3,0,0.0021584386352698887
25,10,0.3,2,0.2,3,0,0.002358770410369005
25,10,0.3,2,0.3,3,0,0.0026068509766853207
25,10,0.3,2,0.4,3,0,0.0029272515719198098
25,10,0.3,2,0.5,3,0,0.00337328649740793
25,10,0.4,2,0.1,3,0,0.0019241194126917674
25,10,0.4,2,0.2,3,0,0.0021095595745678724
25,10,0.4,2,0.3,3,0,0.0023449962183336357
25,10,0.4,2,0.4,3,0,0.0026539898952011153
25,10,0.4,2,0.5,3,0,0.003080251879461581
25,10,0.5,2,0.1,3,0,0.0019250988737138871
25,10,0.5,2,0.2,3,0,0.002129146512672505
25,10,0.5,2,0.3,3,0,0.002382239647815362
25,10,0.5,2,0.4,3,0,0.002707953218629326
25,10,0.5,2,0.5,3,0,0.003148788495477459
25,10,0.1,3,0.1,3,0,0.0037480671596422585
25,10,0.1,3,0.2,3,0,0.004131057749402185
25,10,0.1,3,0.3,3,0,0.004642732835502524
25,10,0.1,3,0.4,3,0,0.005376387470950018
25,10,0.1,3,0.5,3,0,0.00639383258470034
25,10,0.2,3,0.1,3,0,0.002547980498337363
25,10,0.2,3,0.2,3,0,0.0028176824032294188
25,10,0.2,3,0.3,3,0,0.003158065994178467
25,10,0.2,3,0.4,3,0,0.0036049186106283226
25,10,0.2,3,0.5,3,0,0.004225537447752985
25,10,0.3,3,0.1,3,0,0.0024170803906581437
25,10,0.3,3,0.2,3,0,0.0026955982358794982
25,10,0.3,3,0.3,3,0,0.003046355254904531
25,10,0.3,3,0.4,3,0,0.0035046547381263836
25,10,0.3,3,0.5,3,0,0.004134050668873992
25,10,0.4,3,0.1,3,0,0.002004756983458273
25,10,0.4,3,0.2,3,0,0.0022109816293749184
25,10,0.4,3,0.3,3,0,0.002472542786303887
25,10,0.4,3,0.4,3,0,0.0028171266622776096
25,10,0.4,3,0.5,3,0,0.0032941314988575478
25,10,0.5,3,0.1,3,0,0.0018725910273695073
25,10,0.5,3,0.2,3,0,0.0020953704686212365
25,10,0.5,3,0.3,3,0,0.0023733829066582644
25,10,0.5,3,0.4,3,0,0.002734397794894888
25,10,0.5,3,0.5,3,0,0.003227899744553585
25,10,0.1,4,0.1,3,0,0.004119183061376469
25,10,0.1,4,0.2,3,0,0.004583719826156556
25,10,0.1,4,0.3,3,0,0.005173308071920171
25,10,0.1,4,0.4,3,0,0.005953705134384234
25,10,0.1,4,0.5,3,0,0.00704552245746488
25,10,0.2,4,0.1,3,0,0.002828857046553335
25,10,0.2,4,0.2,3,0,0.003164190222738818
25,10,0.2,4,0.3,3,0,0.0035908521421723297
25,10,0.2,4,0.4,3,0,0.0041540710416220535
25,10,0.2,4,0.5,3,0,0.0049345884459959174
25,10,0.3,4,0.1,3,0,0.0022638797016095984
25,10,0.3,4,0.2,3,0,0.002564960753641452
25,10,0.3,4,0.3,3,0,0.0029432465046277984
25,10,0.3,4,0.4,3,0,0.0034383704208282217
25,10,0.3,4,0.5,3,0,0.00412122396110205
25,10,0.4,4,0.1,3,0,0.0019369287283582154
25,10,0.4,4,0.2,3,0,0.002187393473172183
25,10,0.4,4,0.3,3,0,0.002502418741930357
25,10,0.4,4,0.4,3,0,0.0029156864279530595
25,10,0.4,4,0.5,3,0,0.003487050114952965
25,10,0.5,4,0.1,3,0,0.0018953533749434853
25,10,0.5,4,0.2,3,0,0.0021367026096687537
25,10,0.5,4,0.3,3,0,0.0024455599096366303
25,10,0.5,4,0.4,3,0,0.0028549591046521617
25,10,0.5,4,0.5,3,0,0.003424058860003367
30,10,0.1,1,0.1,1,0,0.0027543965927440887
30,10,0.1,1,0.2,1,0,0.0028997059704966733
30,10,0.1,1,0.3,1,0,0.003157948667936401
30,10,0.1,1,0.4,1,0,0.003398956203396665
30,10,0.1,1,0.5,1,0,0.003763975455750934
30,10,0.2,1,0.1,1,0,0.0020458951992424743
30,10,0.2,1,0.2,1,0,0.0021241302608677286
30,10,0.2,1,0.3,1,0,0.0022878072323223265
30,10,0.2,1,0.4,1,0,0.0025578487090932803
30,10,0.2,1,0.5,1,0,0.0028291005746634555
30,10,0.3,1,0.1,1,0,0.002233622959757361
30,10,0.3,1,0.2,1,0,0.0023145769085562494
30,10,0.3,1,0.3,1,0,0.0024116274300386136
30,10,0.3,1,0.4,1,0,0.002542657536704833
30,10,0.3,1,0.5,1,0,0.002770412082664456
30,10,0.4,1,0.1,1,0,0.0019394741502493254
30,10,0.4,1,0.2,1,0,0.002022396128605636
30,10,0.4,1,0.3,1,0,0.0021209936936110825
30,10,0.4,1,0.4,1,0,0.0022436042062093085
30,10,0.4,1,0.5,1,0,0.002413530831760652
30,10,0.5,1,0.1,1,0,0.002114333464786373
30,10,0.5,1,0.2,1,0,0.0022041523719814027
30,10,0.5,1,0.3,1,0,0.0023096408396093794
30,10,0.5,1,0.4,1,0,0.0024386651106228317
30,10,0.5,1,0.5,1,0,0.002606583889491371
30,10,0.1,2,0.1,1,0,0.0029026849353559012
30,10,0.1,2,0.2,1,0,0.003123662911893208
30,10,0.1,2,0.3,1,0,0.003473817298630234
30,10,0.1,2,0.4,1,0,0.0038430326802697035
30,10,0.1,2,0.5,1,0,0.004318849555356354
30,10,0.2,2,0.1,1,0,0.0022436200381942594
30,10,0.2,2,0.2,1,0,0.002355290913937491
30,10,0.2,2,0.3,1,0,0.0024944229382480366
30,10,0.2,2,0.4,1,0,0.0026762347091620633
30,10,0.2,2,0.5,1,0,0.0029433981953887124
30,10,0.3,2,0.1,1,0,0.002376547694749996
30,10,0.3,2,0.2,1,0,0.0024964943983709353
30,10,0.3,2,0.3,1,0,0.0026438758682907825
30,10,0.3,2,0.4,1,0,0.0028324392517786517
30,10,0.3,2,0.5,1,0,0.003088065798965163
30,10,0.4,2,0.1,1,0,0.002116838650814647
30,10,0.4,2,0.2,1,0,0.0022387553572998015
30,10,0.4,2,0.3,1,0,0.0023881066990836587
30,10,0.4,2,0.4,1,0,0.0025786120329359735
30,10,0.4,2,0.5,1,0,0.002835047757852359
30,10,0.5,2,0.1,1,0,0.002232782964148224
30,10,0.5,2,0.2,1,0,0.002361021640206628
30,10,0.5,2,0.3,1,0,0.002516695006300368
30,10,0.5,2,0.4,1,0,0.0027135215088177262
30,10,0.5,2,0.5,1,0,0.0029762046008550663
30,10,0.1,3,0.1,1,0,0.0034183918157002554
30,10,0.1,3,0.2,1,0,0.0036766013447012587
30,10,0.1,3,0.3,1,0,0.004006518696694685
30,10,0.1,3,0.4,1,0,0.004459926084447149
30,10,0.1,3,0.5,1,0,0.005147068368197696
30,10,0.2,3,0.1,1,0,0.002563917505541659
30,10,0.2,3,0.2,1,0,0.0027417332719239245
30,10,0.2,3,0.3,1,0,0.002966609924654132
30,10,0.2,3,0.4,1,0,0.0032620827125446113
30,10,0.2,3,0.5,1,0,0.003670832109441863
30,10,0.3,3,0.1,1,0,0.002617486072304165
30,10,0.3,3,0.2,1,0,0.0028025263268859073
30,10,0.3,3,0.3,1,0,0.0030346272715539237
30,10,0.3,3,0.4,1,0,0.0033373194454528955
30,10,0.3,3,0.5,1,0,0.0037529666458147658
30,10,0.4,3,0.1,1,0,0.002122087020539244
30,10,0.4,3,0.2,1,0,0.002267919537184386
30,10,0.4,3,0.3,1,0,0.0024490471788628453
30,10,0.4,3,0.4,1,0,0.002683118716675378
30,10,0.4,3,0.5,1,0,0.003001902142123446
30,10,0.5,3,0.1,1,0,0.002122087149725902
30,10,0.5,3,0.2,1,0,0.0022679196758967498
30,10,0.5,3,0.3,1,0,0.002449047478821711
30,10,0.5,3,0.4,1,0,0.00268311907077595
30,10,0.5,3,0.5,1,0,0.00300190053725251
30,10,0.1,4,0.1,1,0,0.0037965821542478894
30,10,0.1,4,0.2,1,0,0.0041496368875323635
30,10,0.1,4,0.3,1,0,0.00460082160299002
30,10,0.1,4,0.4,1,0,0.005199267816219666
30,10,0.1,4,0.5,1,0,0.0060353813739457566
30,10,0.2,4,0.1,1,0,0.0028486595532523197
30,10,0.2,4,0.2,1,0,0.003098679573270123
30,10,0.2,4,0.3,1,0,0.003417390691989795
30,10,0.2,4,0.4,1,0,0.0038391357029977733
30,10,0.2,4,0.5,1,0,0.004425745848376839
30,10,0.3,4,0.1,1,0,0.0024502572544801786
30,10,0.3,4,0.2,1,0,0.0026659329041080464
30,10,0.3,4,0.3,1,0,0.002940485500582527
30,10,0.3,4,0.4,1,0,0.003303353440434075
30,10,0.3,4,0.5,1,0,0.003807526385717281
30,10,0.4,4,0.1,1,0,0.0020518548630679605
30,10,0.4,4,0.2,1,0,0.0022331854775519233
30,10,0.4,4,0.3,1,0,0.0024635802410942166
30,10,0.4,4,0.4,1,0,0.002767571163178954
30,10,0.4,4,0.5,1,0,0.003189316287679844
30,10,0.5,4,0.1,1,0,0.0020518545733387785
30,10,0.5,4,0.2,1,0,0.002233185244671728
30,10,0.5,4,0.3,1,0,0.0024635790685770625
30,10,0.5,4,0.4,1,0,0.0027675701347281458
30,10,0.5,4,0.5,1,0,0.0031893141534587886
30,10,0.1,1,0.1,2,0,0.003139662170174526
30,10,0.1,1,0.2,2,0,0.003406885610745409
30,10,0.1,1,0.3,2,0,0.0038214745107611903
30,10,0.1,1,0.4,2,0,0.00420046490041724
30,10,0.1,1,0.5,2,0,0.004779300727798084
30,10,0.2,1,0.1,2,0,0.0020261467464743185
30,10,0.2,1,0.2,2,0,0.002162831135993561
30,10,0.2,1,0.3,2,0,0.002451774076851642
30,10,0.2,1,0.4,2,0,0.0029127440610296094
30,10,0.2,1,0.5,2,0,0.0033655284792856194
30,10,0.3,1,0.1,2,0,0.002246664445991978
30,10,0.3,1,0.2,2,0,0.0023939324285498953
30,10,0.3,1,0.3,2,0,0.002568317109777368
30,10,0.3,1,0.4,2,0,0.00280027664142517
30,10,0.3,1,0.5,2,0,0.003190435695925255
30,10,0.4,1,0.1,2,0,0.001970728992616739
30,10,0.4,1,0.2,2,0,0.002085998814779108
30,10,0.4,1,0.3,2,0,0.002233112762049402
30,10,0.4,1,0.4,2,0,0.00242559176837506
30,10,0.4,1,0.5,2,0,0.002701740619605483
30,10,0.5,1,0.1,2,0,0.002032729083362789
30,10,0.5,1,0.2,2,0,0.0021906149826326888
30,10,0.5,1,0.3,2,0,0.002375482381809357
30,10,0.5,1,0.4,2,0,0.0026013630514117574
30,10,0.5,1,0.5,2,0,0.0028949029660734196
30,10,0.1,2,0.1,2,0,0.003349124531216862
30,10,0.1,2,0.2,2,0,0.003719261161024815
30,10,0.1,2,0.3,2,0,0.004272558724255357
30,10,0.1,2,0.4,2,0,0.004854190239611618
30,10,0.1,2,0.5,2,0,0.005595023013830907
30,10,0.2,2,0.1,2,0,0.0024378865874934235
30,10,0.2,2,0.2,2,0,0.0026144716836844066
30,10,0.2,2,0.3,2,0,0.0028375079176144818
30,10,0.2,2,0.4,2,0,0.0031317269943942692
30,10,0.2,2,0.5,2,0,0.0035653271469636306
30,10,0.3,2,0.1,2,0,0.002538307594003958
30,10,0.3,2,0.2,2,0,0.002734114833084623
30,10,0.3,2,0.3,2,0,0.002975191234592913
30,10,0.3,2,0.4,2,0,0.0032841866764711913
30,10,0.3,2,0.5,2,0,0.003703341955515813
30,10,0.4,2,0.1,2,0,0.002240852029838026
30,10,0.4,2,0.2,2,0,0.0024258532787164422
30,10,0.4,2,0.3,2,0,0.0026585798987786317
30,10,0.4,2,0.4,2,0,0.0029611832274066482
30,10,0.4,2,0.5,2,0,0.0033739790160598796
30,10,0.5,2,0.1,2,0,0.002296586751759093
30,10,0.5,2,0.2,2,0,0.0025012643517652996
30,10,0.5,2,0.3,2,0,0.002751873837420487
30,10,0.5,2,0.4,2,0,0.0030710709801158816
30,10,0.5,2,0.5,2,0,0.003499430222258
30,10,0.1,3,0.1,2,0,0.004128395004178732
30,10,0.1,3,0.2,2,0,0.004529595246863513
30,10,0.1,3,0.3,2,0,0.0050356533490656975
30,10,0.1,3,0.4,2,0,0.00572361446599099
30,10,0.1,3,0.5,2,0,0.006745254071161225
30,10,0.2,3,0.1,2,0,0.0029281135622186093
30,10,0.2,3,0.2,2,0,0.0032003095866312966
30,10,0.2,3,0.3,2,0,0.0035437001690685603
30,10,0.2,3,0.4,2,0,0.003994434216610263
30,10,0.2,3,0.5,2,0,0.004617644698543765
30,10,0.3,3,0.1,2,0,0.0028183237309120507
30,10,0.3,3,0.2,2,0,0.003109846051126751
30,10,0.3,3,0.3,2,0,0.0034731018956427966
30,10,0.3,3,0.4,2,0,0.003944018104809742
30,10,0.3,3,0.5,2,0,0.004587232832091147
30,10,0.4,3,0.1,2,0,0.0023262734224373267
30,10,0.4,3,0.2,2,0,0.0025328864926726005
30,10,0.4,3,0.3,2,0,0.0027974264782849355
30,10,0.4,3,0.4,2,0,0.003146744296913136
30,10,0.4,3,0.5,2,0,0.0036296268459744094
30,10,0.5,3,0.1,2,0,0.002217918016260959
30,10,0.5,3,0.2,2,0,0.0024411029278601005
30,10,0.5,3,0.3,2,0,0.0027202361848619227
30,10,0.5,3,0.4,2,0,0.0030826864262095545
30,10,0.5,3,0.5,2,0,0.003577617339178804
30,10,0.1,4,0.1,2,0,0.00461965095579281
30,10,0.1,4,0.2,2,0,0.0051245885309448265
30,10,0.1,4,0.3,2,0,0.005764157071067394
30,10,0.1,4,0.4,2,0,0.006608997175499935
30,10,0.1,4,0.5,2,0,0.0077861487403147935
30,10,0.2,4,0.1,2,0,0.0032701226455815174
30,10,0.2,4,0.2,2,0,0.0036298320708760337
30,10,0.2,4,0.3,2,0,0.004087438539926308
30,10,0.2,4,0.4,2,0,0.004691572685861161
30,10,0.2,4,0.5,2,0,0.005529374548126175
30,10,0.3,4,0.1,2,0,0.0026587657966448673
30,10,0.3,4,0.2,2,0,0.0029762529089986294
30,10,0.3,4,0.3,2,0,0.0033772627392586203
30,10,0.3,4,0.4,2,0,0.0039038878557229504
30,10,0.3,4,0.5,2,0,0.004631756932864987
30,10,0.4,4,0.1,2,0,0.0022656967270855842
30,10,0.4,4,0.2,2,0,0.002523495701270005
30,10,0.4,4,0.3,2,0,0.002851848423813033
30,10,0.4,4,0.4,2,0,0.0032861692539747503
30,10,0.4,4,0.5,2,0,0.0038897338161252267
30,10,0.5,4,0.1,2,0,0.0021639704389979685
30,10,0.5,4,0.2,2,0,0.00243395692972752
30,10,0.5,4,0.3,2,0,0.002772149117797904
30,10,0.5,4,0.4,2,0,0.003214503982513534
30,10,0.5,4,0.5,2,0,0.003824689461152186
30,10,0.1,1,0.1,3,0,0.0033989591778904624
30,10,0.1,1,0.2,3,0,0.003737187678891807
30,10,0.1,1,0.3,3,0,0.0042421134159025065
30,10,0.1,1,0.4,3,0,0.004703081423948998
30,10,0.1,1,0.5,3,0,0.005409136810546401
30,10,0.2,1,0.1,3,0,0.0019740133887829426
30,10,0.2,1,0.2,3,0,0.0021539488798588786
30,10,0.2,1,0.3,3,0,0.0025404834346466824
30,10,0.2,1,0.4,3,0,0.0031365271637521816
30,10,0.2,1,0.5,3,0,0.0037109702607354294
30,10,0.3,1,0.1,3,0,0.0021789650666669677
30,10,0.3,1,0.2,3,0,0.0023709349736931256
30,10,0.3,1,0.3,3,0,0.0026000731131126005
30,10,0.3,1,0.4,3,0,0.0029060437297922788
30,10,0.3,1,0.5,3,0,0.0034127328557857365
30,10,0.4,1,0.1,3,0,0.0019790730527681263
30,10,0.4,1,0.2,3,0,0.002118476893006595
30,10,0.4,1,0.3,3,0,0.0022983676550751247
30,10,0.4,1,0.4,3,0,0.0025375993497459685
30,10,0.4,1,0.5,3,0,0.0028859749942629536
30,10,0.5,1,0.1,3,0,0.0019212161223100396
30,10,0.5,1,0.2,3,0,0.0021180020847457338
30,10,0.5,1,0.3,3,0,0.0023528581513672414
30,10,0.5,1,0.4,3,0,0.002643747459244772
30,10,0.5,1,0.5,3,0,0.0030252601461953723
30,10,0.1,2,0.1,3,0,0.0036142740017759034
30,10,0.1,2,0.2,3,0,0.0040682729366871995
30,10,0.1,2,0.3,3,0,0.004730777696559384
30,10,0.1,2,0.4,3,0,0.005426989947479427
30,10,0.1,2,0.5,3,0,0.0063125939575116394
30,10,0.2,2,0.1,3,0,0.002542354493353719
30,10,0.2,2,0.2,3,0,0.0027576911838491733
30,10,0.2,2,0.3,3,0,0.003032305517534566
30,10,0.2,2,0.4,3,0,0.0033973242150677906
30,10,0.2,2,0.5,3,0,0.003936779340805156
30,10,0.3,2,0.1,3,0,0.002591257414560614
30,10,0.3,2,0.2,3,0,0.002831820471204499
30,10,0.3,2,0.3,3,0,0.003129649267168185
30,10,0.3,2,0.4,3,0,0.0035131346853560052
30,10,0.3,2,0.5,3,0,0.004035012854483902
30,10,0.4,2,0.1,3,0,0.0023100528613564522
30,10,0.4,2,0.2,3,0,0.0025327628776565607
30,10,0.4,2,0.3,3,0,0.002815462181851864
30,10,0.4,2,0.4,3,0,0.003186349014755099
30,10,0.4,2,0.5,3,0,0.0036962647137325404
30,10,0.5,2,0.1,3,0,0.0023106731969275898
30,10,0.5,2,0.2,3,0,0.002555745707562786
30,10,0.5,2,0.3,3,0,0.0028596738048991244
30,10,0.5,2,0.4,3,0,0.0032507397909046364
30,10,0.5,2,0.5,3,0,0.003779686380507636
30,10,0.1,3,0.1,3,0,0.004499430364286619
30,10,0.1,3,0.2,3,0,0.004956963217317089
30,10,0.1,3,0.3,3,0,0.005540935100037277
30,10,0.1,3,0.4,3,0,0.00633925375708761
30,10,0.1,3,0.5,3,0,0.0075180515377069445
30,10,0.2,3,0.1,3,0,0.0030589667989685014
30,10,0.2,3,0.2,3,0,0.0033827720515969668
30,10,0.2,3,0.3,3,0,0.0037913981516110294
30,10,0.2,3,0.4,3,0,0.0043274950268573885
30,10,0.2,3,0.5,3,0,0.005067656825451803
30,10,0.3,3,0.1,3,0,0.0029011848481380587
30,10,0.3,3,0.2,3,0,0.003235605895526888
30,10,0.3,3,0.3,3,0,0.003656719384479067
30,10,0.3,3,0.4,3,0,0.004206886536185265
30,10,0.3,3,0.5,3,0,0.004962173636757486
30,10,0.4,3,0.1,3,0,0.0024060652120524795
30,10,0.4,3,0.2,3,0,0.0026537586620578903
30,10,0.4,3,0.3,3,0,0.0029678787063514233
30,10,0.4,3,0.4,3,0,0.003381644604903753
30,10,0.4,3,0.5,3,0,0.003954275268869375
30,10,0.5,3,0.1,3,0,0.0022474058828684286
30,10,0.5,3,0.2,3,0,0.0025149620654363342
30,10,0.5,3,0.3,3,0,0.0028488174611925226
30,10,0.5,3,0.4,3,0,0.0032822952851243275
30,10,0.5,3,0.5,3,0,0.003874770047135705
30,10,0.1,4,0.1,3,0,0.0049431602169976935
30,10,0.1,4,0.2,3,0,0.0055006619330466066
30,10,0.1,4,0.3,3,0,0.0062081910525574255
30,10,0.1,4,0.4,3,0,0.007143687486682435
30,10,0.1,4,0.5,3,0,0.008446696179586556
30,10,0.2,4,0.1,3,0,0.003394605897779663
30,10,0.2,4,0.2,3,0,0.0037970870205318863
30,10,0.2,4,0.3,3,0,0.004309178392299963
30,10,0.2,4,0.4,3,0,0.004985153282102858
30,10,0.2,4,0.5,3,0,0.005921790425096386
30,10,0.3,4,0.1,3,0,0.002716255131206196
30,10,0.3,4,0.2,3,0,0.0030776604237117903
30,10,0.3,4,0.3,3,0,0.0035317339665140945
30,10,0.3,4,0.4,3,0,0.004126036700174688
30,10,0.3,4,0.5,3,0,0.004945637300054478
30,10,0.4,4,0.1,3,0,0.0023239156864222105
30,10,0.4,4,0.2,3,0,0.002624599332532865
30,10,0.4,4,0.3,3,0,0.003002768357535549
30,10,0.4,4,0.4,3,0,0.0034988442640169633
30,10,0.4,4,0.5,3,0,0.004184651858002573
30,10,0.5,4,0.1,3,0,0.0022740952294346495
30,10,0.5,4,0.2,3,0,0.0025637704956485174
30,10,0.5,4,0.3,3,0,0.002934491744459866
30,10,0.5,4,0.4,3,0,0.0034258997966451037
30,10,0.5,4,0.5,3,0,0.004108984008746975
